Workbook

Sheet Лист1
A1: максимальный показатель | B1: сумма
A2: 0 | B2: ==2^(A2+1)-1 -> 1
A3: 1 | B3: ==2^(A3+1)-1 -> 3
A4: 2 | B4: ==2^(A4+1)-1 -> 7
A5: 3 | B5: ==2^(A5+1)-1 -> 15
A6: 4 | B6: ==2^(A6+1)-1 -> 31
A7: 5 | B7: ==2^(A7+1)-1 -> 63
A8: 6 | B8: ==2^(A8+1)-1 -> 127
A9: 7 | B9: ==2^(A9+1)-1 -> 255
A10: 8 | B10: ==2^(A10+1)-1 -> 511
A11: 9 | B11: ==2^(A11+1)-1 -> 1023
A12: 10 | B12: ==2^(A12+1)-1 -> 2047
A13: 11 | B13: ==2^(A13+1)-1 -> 4095
... A25: 23 | B25: ==2^(A25+1)-1 -> 16777215

Sheet Лист2
A1: максимальный показатель | B1: сумма
A2: 0 | B2: ==(3^(A2+1)-1)/2 -> 1
A3: 1 | B3: ==(3^(A3+1)-1)/2 -> 4
A4: 2 | B4: ==(3^(A4+1)-1)/2 -> 13
A5: 3 | B5: ==(3^(A5+1)-1)/2 -> 40
A6: 4 | B6: ==(3^(A6+1)-1)/2 -> 121
A7: 5 | B7: ==(3^(A7+1)-1)/2 -> 364
A8: 6 | B8: ==(3^(A8+1)-1)/2 -> 1093
A9: 7 | B9: ==(3^(A9+1)-1)/2 -> 3280
A10: 8 | B10: ==(3^(A10+1)-1)/2 -> 9841
A11: 9 | B11: ==(3^(A11+1)-1)/2 -> 29524
A12: 10 | B12: ==(3^(A12+1)-1)/2 -> 88573
A13: 11 | B13: ==(3^(A13+1)-1)/2 -> 265720
... A25: 23 | B25: ==(3^(A25+1)-1)/2 -> 141214768240

Sheet Лист3
A1: максимальный показатель | B1: сумма для 2 | C1: сумма для 3
A2: 0 | B2: ==VLOOKUP(A2, Лист1!$A$2:$B$25, 2, 0) -> 1 | C2: =VLOOKUP(A2, Лист2!$A$2:$B$25, 2, 0) -> 1
A3: 1 | B3: ==VLOOKUP(A3, Лист1!$A$2:$B$25, 2, 0) -> 3 | C3: =VLOOKUP(A3, Лист2!$A$2:$B$25, 2, 0) -> 4
A4: 2 | B4: ==VLOOKUP(A4, Лист1!$A$2:$B$25, 2, 0) -> 7 | C4: =VLOOKUP(A4, Лист2!$A$2:$B$25, 2, 0) -> 13
A5: 3 | B5: ==VLOOKUP(A5, Лист1!$A$2:$B$25, 2, 0) -> 15 | C5: =VLOOKUP(A5, Лист2!$A$2:$B$25, 2, 0) -> 40
A6: 4 | B6: ==VLOOKUP(A6, Лист1!$A$2:$B$25, 2, 0) -> 31 | C6: =VLOOKUP(A6, Лист2!$A$2:$B$25, 2, 0) -> 121
A7: 5 | B7: ==VLOOKUP(A7, Лист1!$A$2:$B$25, 2, 0) -> 63 | C7: =VLOOKUP(A7, Лист2!$A$2:$B$25, 2, 0) -> 364
A8: 6 | B8: ==VLOOKUP(A8, Лист1!$A$2:$B$25, 2, 0) -> 127 | C8: =VLOOKUP(A8, Лист2!$A$2:$B$25, 2, 0) -> 1093
A9: 7 | B9: ==VLOOKUP(A9, Лист1!$A$2:$B$25, 2, 0) -> 255 | C9: =VLOOKUP(A9, Лист2!$A$2:$B$25, 2, 0) -> 3280
A10: 8 | B10: ==VLOOKUP(A10, Лист1!$A$2:$B$25, 2, 0) -> 511 | C10: =VLOOKUP(A10, Лист2!$A$2:$B$25, 2, 0) -> 9841
A11: 9 | B11: ==VLOOKUP(A11, Лист1!$A$2:$B$25, 2, 0) -> 1023 | C11: =VLOOKUP(A11, Лист2!$A$2:$B$25, 2, 0) -> 29524
A12: 10 | B12: ==VLOOKUP(A12, Лист1!$A$2:$B$25, 2, 0) -> 2047 | C12: =VLOOKUP(A12, Лист2!$A$2:$B$25, 2, 0) -> 88573
A13: 11 | B13: ==VLOOKUP(A13, Лист1!$A$2:$B$25, 2, 0) -> 4095 | C13: =VLOOKUP(A13, Лист2!$A$2:$B$25, 2, 0) -> 265720
... A25: 23 | B25: ==VLOOKUP(A25, Лист1!$A$2:$B$25, 2, 0) -> 16777215 | C25: =VLOOKUP(A25, Лист2!$A$2:$B$25, 2, 0) -> 141214768240

Sheet Лист4
A1: статистическая функция | B1: для А (лист 3) | C1: для В ( лист 3) | D1: для С ( лист 3)
A2: среднее значение | B2: =AVERAGE(Лист3!A2:A25) -> 11.5 | C2: =AVERAGE(Лист3!B2:B25) -> 1398100.2 | D2: =AVERAGE(Лист3!C2:C25) -> 8.825923e+09
A3: максимальное значение | B3: =AVERAGE(Лист3!A3:A26) -> 12 | C3: =AVERAGE(Лист3!B3:B26) -> 1458887.2 | D3: =AVERAGE(Лист3!C3:C26) -> 9.2096588e+09
A4: минимальное значение | B4: =AVERAGE(Лист3!A4:A27) -> 12.5 | C4: =AVERAGE(Лист3!B4:B27) -> 1525200.1 | D4: =AVERAGE(Лист3!C4:C27) -> 9.6282797e+09
A5: медиана | B5: =AVERAGE(Лист3!A5:A28) -> 13 | C5: =AVERAGE(Лист3!B5:B28) -> 1597828.3 | D5: =AVERAGE(Лист3!C5:C28) -> 1.0086769e+10
A6: мода | B6: =AVERAGE(Лист3!A6:A29) -> 13.5 | C6: =AVERAGE(Лист3!B6:B29) -> 1677719 | D6: =AVERAGE(Лист3!C6:C29) -> 1.0591108e+10
A7: дисперсия | B7: =AVERAGE(Лист3!A7:A30) -> 14 | C7: =AVERAGE(Лист3!B7:B30) -> 1766018.4 | D7: =AVERAGE(Лист3!C7:C30) -> 1.1148534e+10

Sheet Лист5
B1: 2021 | C1: 2022 | D1: 2023 | E1: 2024 | F1: 2025 | G1: 2026 | H1: 2027
A2: колледж 1 | B2: 1510000 | C2: 2236476 | D2: 1934765 | E2: 4543534 | F2: 2348887 | G2: 1170004 | H2: 2344598
A3: колледж 2 | B3: 237800 | C3: 732647 | D3: 567672 | E3: 234234 | F3: 32317 | G3: 634423 | H3: 235455
A4: колледж 3 | B4: 3211400 | C4: 4873837 | D4: 36654654 | E4: 3453453 | F4: 5435323 | G4: 4586959 | H4: 8576885
A5: колледж 4 | B5: 4961201 | C5: 7844962 | D5: 6159094 | E5: 8233225 | F5: 8109432 | G5: 6393392 | H5: 11158945
